{"user":{"c4d810ad-851e-43f8-b00c-3a73b883a30c":{"id":"c4d810ad-851e-43f8-b00c-3a73b883a30c","temp_secret":{"ascii":"kglGKgK5C/]^rFi#tTu.XP1ZGDo[:4f7","hex":"6b676c474b674b35432f5d5e724669237454752e5850315a47446f5b3a346637","base32":"NNTWYR2LM5FTKQZPLVPHERTJEN2FI5JOLBIDCWSHIRXVWORUMY3Q","otpauth_url":"otpauth://totp/SecretKey?secret=NNTWYR2LM5FTKQZPLVPHERTJEN2FI5JOLBIDCWSHIRXVWORUMY3Q"}},"9a630e4b-99fe-457b-b516-2d5bc8c42b70":{"id":"9a630e4b-99fe-457b-b516-2d5bc8c42b70","temp_secret":{"ascii":"L}y2}O8*s:a*ILGioRPA5KTdT@]5Lkx>","hex":"4c7d79327d4f382a733a612a494c47696f525041354b546454405d354c6b783e","base32":"JR6XSMT5J44CU4Z2MEVESTCHNFXVEUCBGVFVIZCUIBOTKTDLPA7A","otpauth_url":"otpauth://totp/SecretKey?secret=JR6XSMT5J44CU4Z2MEVESTCHNFXVEUCBGVFVIZCUIBOTKTDLPA7A"}}}}