[
  {
    "id": 1,
    "type": "Bowller",
    "name": "Pragyan Ojha",
    "wicket": "1",
    "score": "10",
    "over":"3",
    "wikEco":"4.7",
    "fallWkt":"25/1"
  },
  {
    "id": 2,
    "type": "Bowller",
    "name": "Kuldeep Yadav.",
    "wicket": "4",
    "score": "0",
    "over":"7",
    "wikEco":"5.7",
    "fallWkt":"35/1"
  },
  {
    "id": 3,
    "type": "Bowller",
    "name": "Navdeep Saini",
    "wicket": "1",
    "score": "20",
    "over":"1",
    "wikEco":"10.0",
    "fallWkt":"0"
  },
  {
    "id": 4,
    "type": "Bowller",
    "name": "Deepak Chahar",
    "wicket": "2",
    "score": "3",
    "over":"5",
    "wikEco":"5.7",
    "fallWkt":"30/3"
  },
  {
    "id": 5,
    "type": "Bowller",
    "name": "Axar Patel",
    "wicket": "0",
    "score": "10",
    "over":"8",
    "wikEco":"3.7",
    "fallWkt":"30/3"
  }
]