[
  {
    "id": 1,
    "playerType": "Batsmen",
    "name": "M.Singh. Dhoni",
    "wicket": "0",
    "score": "50"
  },
  {
    "id": 2,
    "playerType": "Batsmen",
    "name": "Ajinkya Rahane",
    "wicket": "07",
    "score": "40"
  },
  {
    "id": 3,
    "playerType": "Batsmen",
    "name": "Ravichandran Ashwin",
    "wicket": "0",
    "score": "85"
  },
  {
    "id": 4,
    "playerType": "Batsmen",
    "name": "Shikhar Dhawan",
    "wicket": "0",
    "score": "30"
  },
  {
    "id": 5,
    "playerType": "Batsmen",
    "name": "Virat Kohali",
    "wicket": "7",
    "score": "80"
  }
]